Subj,zygosity,Age,FE,Update_all,exp_all,fam_all,viv_all,neg_all,EEAll,learning_all,subjectivelearning,N_Correct_perc,Subj,FE,Gender,Age.Gender
201,MZ,72,22.625,-0.675,1.3,2.65,2.65,4.15,21.575,-0.109254552,0.635084448,2.5,201,22.625,1,72
202,MZ,72,23.9,1.5,1.6,1.8,2.85,4.3,24.5,0.044298137,0.34924831,2.5,202,23.9,1,72
431,DZ,72,21.5,7.4,1.5,1,1,1.55,36.55,-0.014104755,0.545759553,5,431,21.5,1,72
432,DZ,72,44.35,11.025,1.95,3.05,3.1,3.35,17.35,0.405723434,0.659775098,0,432,44.35,1,72
461,MZ,72,14.4,0.4,1.35,1.95,2.85,3.75,25.8,0.106446568,0.822490362,0,461,14.4,1,72
462,MZ,72,24.075,2.05,1.75,3.25,3.2,4.4,27.325,-0.010519014,0.393896628,5,462,24.075,1,72
731,DZ,40,41.525,1.775,2.5,2.85,2.8,4.4,13.775,0.169542261,0.137300169,2.5,731,41.525,1,40
732,DZ,40,39.825,8.45,1.5,3.75,3.15,3.25,13.875,0.758672031,0.819729472,2.5,732,39.825,1,40
1191,MZ,68,45.9,7.925,1.75,3.4,2.85,2,16.6,0.556624557,0.749630619,0,1191,45.9,1,68
1192,MZ,68,37.875,5.9,1.25,3.95,4.65,3.05,17.625,0.455868918,0.476850859,2.5,1192,37.875,1,68
2041,DZ,50,52.625,11.025,2.75,4.7,5.25,4.5,24.025,0.039939774,0.055074226,2.5,2041,52.625,1,50
2042,DZ,50,34.675,8.325,1.85,2.95,3.15,3.7,22.725,0.082664421,-0.125767402,7.5,2042,34.675,1,50
2861,DZ,48,41.8,7.225,1.4,4.75,3.2,3.8,13.95,0.713905759,0.61490416,5,2861,41.8,1,48
2862,DZ,48,28.525,13.1,1.65,2.4,2.1,3.05,15.975,0.740955836,0.874217076,5,2862,28.525,1,48
4391,DZ,55,41.025,5.275,2.45,4.5,3.55,3.25,29.975,-0.042794245,-0.161215667,0,4391,41.025,1,55
4392,DZ,55,35.775,11.075,1.6,4.35,5.05,3.35,15.425,0.292476553,0.680364096,2.5,4392,35.775,1,55
6171,DZ,61,34.7,2.875,2,2.45,2.55,3.5,16.25,0.209163003,0.202708656,2.5,6171,34.7,2,122
6172,DZ,61,32.725,9.275,1.55,3.75,3.1,3.5,21.825,0.019869363,0.337952493,2.5,6172,32.725,2,122
6281,MZ,48,33.75,4.65,2.8,4.05,4.5,5.2,19.3,0.121161642,0.271083108,2.5,6281,33.75,1,48
6282,MZ,48,27.275,1.2,2.05,2.4,4.85,5.15,25.425,0.176815715,0.372002318,2.5,6282,27.275,1,48
6491,MZ,54,31.7,2.05,1.95,2.6,2.85,2.65,19.9,0.168057572,0.61867078,2.5,6491,31.7,1,54
6492,MZ,54,40.375,2.525,1.65,3.55,3.05,2.55,16.375,-0.070352907,-0.274459887,5,6492,40.375,1,54
6741,MZ,40,38.5,4.5,1.65,2.6,3,4.5,16.95,0.329153013,0.689377951,0,6741,38.5,1,40
6742,MZ,40,37.3,12.75,1.7,3.25,4.5,3.8,14.45,0.549491966,0.560992977,5,6742,37.3,1,40
7431,MZ,44,21.25,1.575,1.55,2,3.65,3.2,20.95,0.106124043,0.17163777,10,7431,21.25,2,88
7432,MZ,44,34.325,13.7,1.5,3.3,3.85,3.2,16.375,0.85951558,0.897473233,5,7432,34.325,2,88
8571,DZ,63,37.625,23.625,2.6,4.7,4.2,4.45,29.675,0.303609717,0.492261323,0,8571,37.625,1,63
8572,DZ,63,31.2,3.125,1.45,2.15,2.7,1.2,18.75,0.169016524,0.882992723,0,8572,31.2,1,63
9021,MZ,48,37.8,22.25,1.45,2.3,2.7,4.35,22.55,0.648477101,0.851784388,5,9021,37.8,1,48
9022,MZ,48,43.025,16.525,2.65,2.85,3.55,4.75,26.525,0.379155649,0.546873397,5,9022,43.025,1,48
9311,MZ,49,37.825,17.85,1.8,3.4,2.15,4.55,21.575,0.623499187,0.632569234,5,9311,37.825,1,49
9312,MZ,49,31.425,1.7,1.45,4.1,2.7,3.15,21.325,-0.060910502,0.43148427,7.5,9312,31.425,1,49
9651,MZ,64,34.375,5.5,1.85,2.45,2.7,3.6,16.875,0.074987448,0.400329534,2.5,9651,34.375,1,64
9652,MZ,64,35.425,16.175,1.3,2.7,3.7,1.3,22.125,0.502506839,0.800256852,0,9652,35.425,1,64
9711,MZ,49,45.3,16.65,1.75,3.15,2.9,3.05,20.75,0.687288404,0.825365977,2.5,9711,45.3,1,49
9712,MZ,49,37.925,6.15,1.2,3.25,3.95,4.6,14.875,0.267800927,0.472374451,0,9712,37.925,1,49
9761,MZ,61,42.725,14.2,1.25,1.5,1.55,2,16.575,0.133339406,0.028904589,7.5,9761,42.725,1,61
9762,MZ,61,41.175,6.275,1.85,4,3.9,4.4,17.475,0.261567248,0.350133087,2.5,9762,41.175,1,61
9861,MZ,45,40.375,11.625,2.05,2.75,3.8,4.6,22.175,0.39528694,0.463912219,5,9861,40.375,1,45
9862,MZ,45,40.775,4.1,1.25,2.85,3.25,5.2,23.825,0.067672864,0.41210543,0,9862,40.775,1,45
10331,MZ,57,35.475,8.025,1.8,2.35,3.05,4.75,16.125,0.435170591,0.543817115,5,10331,35.475,1,57
10332,MZ,57,38.05,10.225,1.7,2.75,4.4,4.65,18.3,0.494630159,0.88321595,2.5,10332,38.05,1,57
10901,MZ,49,25.3,5.1,1.85,4,5.8,3.05,26.65,-0.121406052,0.156369745,2.5,10901,25.3,1,49
10902,MZ,49,36.85,11.325,2.45,3.25,3.7,2.7,15.6,0.471107346,0.305930801,0,10902,36.85,1,49
10921,MZ,48,38.3,12.55,1.7,4.85,5.65,5.25,14.7,0.86667872,0.970099339,7.5,10921,38.3,1,48
10922,MZ,48,28.975,2.3,1.75,2.8,4.15,3.9,20.675,-0.007432833,0.081350039,15,10922,28.975,1,48
11051,MZ,69,29.2,17.025,1.35,2.25,2.45,5.1,17.45,0.555780428,0.801832653,0,11051,29.2,1,69
11052,MZ,69,41.15,11.15,1.05,1.55,1.7,2.85,18.3,0.446340327,0.681210826,0,11052,41.15,1,69
11611,MZ,49,35.2,3.575,2.35,2.2,4.05,5.3,19.25,0.099871003,0.04759625,5,11611,35.2,1,49
11612,MZ,49,27.125,9.35,1.25,2.25,3.7,4.9,25.525,0.323394861,0.323917904,7.5,11612,27.125,1,49
11821,MZ,79,27.8,8.375,1.8,2,2.1,3.1,19.3,0.324296666,0.571490501,0,11821,27.8,2,158
11822,MZ,79,34.9,5.875,1.85,2.85,3.55,3.45,23.9,0.105810394,-0.210940736,5,11822,34.9,2,158
12121,MZ,57,36.8,11.075,1.6,1.5,2,1,23.65,0.264549247,0.540223498,2.5,12121,36.8,2,114
12122,MZ,57,27.5,2.75,1.3,3.8,4.9,1.5,18.5,0.319196284,0.254801491,0,12122,27.5,2,114
12641,MZ,63,17.475,2.55,1.25,2.4,1.5,4.2,25.775,-0.162663024,0.249816402,7.5,12641,17.475,2,126
12642,MZ,63,26.425,2.925,1.7,3.75,3.45,3.1,20.975,0.189312036,0.325371151,7.5,12642,26.425,2,126
13261,MZ,62,29.575,18.3,1.25,3.25,2.6,2.85,20.625,0.671090588,0.851499139,7.5,13261,29.575,2,124
13262,MZ,62,26.1,-0.5,1.5,2.6,3.2,4.65,20.3,0.08902265,0.289237531,5,13262,26.1,2,124
13341,MZ,65,35.525,10.125,1.6,4.2,3.45,3.6,17.275,0.509607608,0.805115977,0,13341,35.525,2,130
13342,MZ,65,24,1.65,2,2.6,2.35,4.65,21.3,0.203716366,0.310194424,2.5,13342,24,2,130
13491,MZ,56,20.25,3.55,1.4,2.1,2.25,3.35,23.8,0.02821251,0.037150078,2.5,13491,20.25,2,112
13492,MZ,56,22.25,-0.25,1.35,2.85,1.25,4.7,20.8,0.243346571,0.048506811,0,13492,22.25,2,112
13621,MZ,57,17.975,1.4,1.15,3.7,2.8,3.6,24.225,0.244751659,0.341945039,7.5,13621,17.975,2,114
13622,MZ,57,39.75,7.025,1.85,3.8,4.15,4.05,16.05,0.465952231,0.57997862,7.5,13622,39.75,2,114
13791,MZ,59,36.55,14.305,1.45,1.95,3,5.45,15.45,0.576304721,0.833639079,2.5,13791,36.55,2,118
13792,MZ,59,13.275,-2.75,1.4,1.35,1.4,5.65,29.125,0.359042749,0.07060518,5,13792,13.275,2,118
15341,DZ,74,38.675,8.075,1.7,2.5,4.3,1.35,24.425,0.300021834,0.551520882,2.5,15341,38.675,1,74
15342,DZ,74,34.35,8.475,2.2,3.05,3.65,4.65,28.6,0.080693433,0.438401201,5,15342,34.35,1,74
15461,MZ,49,38.35,18,1.8,3.1,5.1,4.05,17.15,0.73995454,0.931066769,5,15461,38.35,1,49
15462,MZ,49,47,2,1.75,1.9,4.5,4.45,15,0.356877198,0.595476646,5,15462,47,1,49
15691,MZ,44,41.425,10.725,1.7,2.5,3.25,5.05,24.825,0.484942606,0.716451417,7.5,15691,41.425,1,44
15692,MZ,44,32.95,12.525,1.95,3.1,4.95,4.95,22.8,0.179454101,-0.035885368,0,15692,32.95,1,44
15701,MZ,53,39.75,11.1,2.4,3.65,5.75,5.15,23.8,0.067279666,0.235861951,2.5,15701,39.75,1,53
15702,MZ,53,34.35,13.975,1.45,4.1,4.8,5.2,15.3,0.648787607,0.942710168,2.5,15702,34.35,1,53
15801,MZ,55,43.575,5.075,2.05,3.2,5.5,5.4,13.475,0.287883536,0.592522325,7.5,15801,43.575,1,55
15802,MZ,55,43.2,4.55,1.75,4.25,5.1,4.05,19.35,0.10930437,0.032887727,5,15802,43.2,1,55
15911,MZ,53,40.15,16.55,1.65,4.35,4.05,3.55,17.8,0.783579244,0.905498446,2.5,15911,40.15,1,53
15912,MZ,53,34.325,10.475,1.6,4.1,3.3,3.95,20.375,0.47118035,0.601532813,7.5,15912,34.325,1,53
16291,MZ,56,38.3,14.85,1.8,3.2,4.3,4.1,25.65,0.384099974,0.54221061,2.5,16291,38.3,1,56
16292,MZ,56,24.95,3.05,1.5,3.55,5.85,4.7,27.1,0.170547597,0.336511548,5,16292,24.95,1,56
16371,MZ,62,28.65,3,1.8,3.05,4.5,2.5,20.05,-0.023371015,0.672337629,0,16371,28.65,1,62
16372,MZ,62,27.675,0.925,1.2,2.3,4.05,3,16.425,0.392718952,0.5839494,0,16372,27.675,1,62
16421,MZ,59,36.75,17.5,1.3,2,3,2.95,20.15,0.61120993,0.938626042,7.5,16421,36.75,1,59
16422,MZ,59,33.225,13.45,1.7,4.3,2.25,3.55,16.075,0.67167158,0.934616146,12.5,16422,33.225,1,59
16591,MZ,68,17.475,2.6,1.45,4.4,5.9,5.95,23.275,0.079006118,0.38800536,5,16591,17.475,1,68
16592,MZ,68,26.875,-2.525,1.55,4.6,5.7,5.65,22.375,0.377633557,-0.156593671,2.5,16592,26.875,1,68
16651,MZ,57,33.775,16.375,1.85,3.5,3.25,3.65,23.325,-0.045886895,-0.189147978,0,16651,33.775,1,57
16652,MZ,57,27.9,-1.375,1.6,5.05,5.7,2.8,23.85,0.099061006,0.305282712,2.5,16652,27.9,1,57
16971,MZ,66,39.625,11.875,1.55,2.4,3.3,3.95,17.275,0.710211272,0.646604001,2.5,16971,39.625,1,66
16972,MZ,66,35.75,17.45,1.45,4.75,3.6,5.9,17.15,0.798424461,0.882184105,0,16972,35.75,1,66
17241,MZ,62,20.975,2.275,1.35,1.65,4.05,5.2,27.225,0.155129357,-0.288617702,0,17241,20.975,1,62
17242,MZ,62,32.575,6.05,1.2,2.65,4.35,5.7,24.475,0.140203367,0.370924925,2.5,17242,32.575,1,62
17661,DZ,55,44.3,20.975,2.05,4.75,4.9,4.95,18.9,0.756524531,0.827581056,2.5,17661,44.3,1,55
17662,DZ,55,40.475,3.35,1.65,3,3.75,3.1,22.775,0.043742304,-0.196163352,5,17662,40.475,1,55
19251,MZ,39,25.025,0.5,1.75,3.3,4.65,3.7,21.375,-0.05017195,0.017666938,7.5,19251,25.025,1,39
19252,MZ,39,40.725,3.85,1.75,2.9,4.6,3.8,13.475,0.231750123,0.416057151,5,19252,40.725,1,39
19521,MZ,45,9.475,-1.075,1.5,2.85,1.4,2.85,33.775,0.377808764,0.205304098,5,19521,9.475,1,45
19522,MZ,45,23.15,2.35,1.5,1.9,2.2,1.7,24.95,0.021175686,0.243616934,0,19522,23.15,1,45
20041,MZ,45,27.6,1.4,2.2,3.35,4.1,4.15,24.4,0.396856786,0.309408949,2.5,20041,27.6,1,45
20042,MZ,45,23.7,2,1.5,2.4,3.05,5.25,21.75,0.431133324,0.057718363,5,20042,23.7,1,45
20081,MZ,58,35.475,12.5,1.2,1.35,1.2,1,14.275,0.478576878,0.771999186,2.5,20081,35.475,1,58
20082,MZ,58,36.2,11.325,2.45,4.05,5.5,5.1,18.7,0.358346959,0.661974375,0,20082,36.2,1,58
20211,MZ,45,42.85,7.875,1.85,3.25,2.95,3.55,15.5,0.649084511,0.735516441,5,20211,42.85,1,45
20212,MZ,45,38.85,7.55,1.45,4,2.85,3.45,15.5,0.44699017,0.459581875,10,20212,38.85,1,45
20261,MZ,37,29.825,15.6,1.25,2.7,3.4,2.9,18.225,0.678296483,0.637909627,7.5,20261,29.825,1,37
20262,MZ,37,29.35,6.625,1.25,4.85,5.85,4,21.25,0.205595146,0.312430932,5,20262,29.35,1,37
20281,MZ,48,34.975,4.45,1.7,2.1,2.35,4.65,27.725,0.146316021,0.29491474,15,20281,34.975,1,48
20282,MZ,48,21.4,1.375,1.3,2.1,4.85,5.3,24.75,0.027767833,0.178993016,15,20282,21.4,1,48
20311,DZ,44,19.1,-0.45,2.95,2.95,1.9,4.7,26.1,0.231394671,0.561427174,10,20311,19.1,1,44
20312,DZ,44,45.775,17.425,1.8,2.1,2.05,1.5,18.025,0.201019041,0.749047309,0,20312,45.775,1,44
20321,DZ,47,19.375,4.15,1.35,2,1.2,1.3,27.275,0.364436467,-0.013226244,0,20321,19.375,1,47
20322,DZ,47,31.3,4.6,1.55,1.1,2.15,3.7,18.95,-0.169460788,0.92407028,0,20322,31.3,1,47
20431,MZ,43,25.275,8.725,1.4,2.75,4.45,3.65,26.025,0.168127245,0.497575093,7.5,20431,25.275,1,43
20432,MZ,43,31.55,7.625,1.55,3.15,3.55,3.5,18.85,0.441860108,0.680647172,5,20432,31.55,1,43
21021,DZ,52,33.375,16.7,1.9,4.65,3.1,4.85,20.875,0.832397655,0.866813273,5,21021,33.375,1,52
21022,DZ,52,38.45,9.05,1.05,3.5,5.5,5.35,17.7,0.547501254,0.404440916,5,21022,38.45,1,52
21461,DZ,62,41.05,1.375,1.9,5.1,4.65,3.7,19.1,0.169245181,0.581829555,0,21461,41.05,1,62
21462,DZ,62,27.625,4.625,1.4,2.05,2.95,4.85,20.125,0.447948234,0.445604965,2.5,21462,27.625,1,62
21901,DZ,68,38.5,13.25,1.5,4.85,5.7,4.45,19.3,0.652334578,0.599021014,2.5,21901,38.5,2,136
21902,DZ,68,32.175,21.5,1.6,2.55,5.2,4,24.475,0.607397089,0.820667998,0,21902,32.175,2,136
22231,DZ,76,32.225,5.15,1.9,5.7,5.05,1.55,28.125,0.337524488,0.517098972,0,22231,32.225,1,76
22232,DZ,76,11.175,0.7,1.5,3.6,4.75,4.3,30.875,0.139812047,0.753186107,0,22232,11.175,1,76
22321,MZ,55,38.025,6.9,2.15,4.25,3.7,3.55,15.475,0.390690613,0.49448658,7.5,22321,38.025,1,55
22322,MZ,55,31.7,2.05,1.2,2.6,4.25,2.7,18.45,0.009428909,-0.409534618,10,22322,31.7,1,55
22471,MZ,55,34.5,4.5,3.1,3.8,3.8,3.5,17.5,0.141417997,0.616406091,0,22471,34.5,1,55
22472,MZ,55,35.425,4.725,2.6,4.6,4.3,4,13.325,0.571956524,0.430419105,2.5,22472,35.425,1,55
22851,MZ,65,30.95,3.875,1.8,2.2,2.75,5.2,19.4,0.169573331,0.373872,7.5,22851,30.95,1,65
22852,MZ,65,37.1,11.45,1.3,1.95,2.85,5.15,16.15,0.435591444,0.888077978,0,22852,37.1,1,65
22871,MZ,59,39.15,11.95,2.75,3.75,3.6,4.4,25.15,0.299347815,-0.193551469,0,22871,39.15,1,59
22872,MZ,59,42.225,28.85,1.9,1.95,3.2,4.1,21.825,0.708284096,0.844232163,5,22872,42.225,1,59
23101,MZ,63,42.575,13.925,1.4,2.25,1.95,5.4,25.575,0.490995989,0.673562146,0,23101,42.575,1,63
23102,MZ,63,25.9,4.325,1.3,4.9,2,4.9,28.35,0.137662322,0.868735278,0,23102,25.9,1,63
23591,MZ,46,25.975,2.3,1.75,3.5,4.15,2.25,25.975,0.006904453,0.903628717,2.5,23591,25.975,1,46
23592,MZ,46,39.55,14.825,1.2,3.6,3.65,4.5,23.3,0.487789205,0.727295156,10,23592,39.55,1,46
24471,MZ,51,22.4,2.875,1.25,4.2,5.2,5.4,24.55,0.167580878,0.023145316,2.5,24471,22.4,1,51
24472,MZ,51,25.775,4.975,1.5,3.5,4.45,4.2,17.825,-0.091786395,0.411843892,5,24472,25.775,1,51
24491,MZ,51,40.775,9.325,2.1,3.25,5.05,3.8,11.125,0.557234996,0.901705731,5,24491,40.775,1,51
24492,MZ,51,29.9,10.175,1.45,3.45,4,4.5,19.3,0.080869798,0.342076552,7.5,24492,29.9,1,51
24991,MZ,57,39.3,24.25,1.55,4.9,3.4,4.3,21.65,0.764798101,0.833985208,2.5,24991,39.3,1,57
24992,MZ,57,31.25,0.45,1.9,3.65,3.25,4.45,18.45,0.056069686,0.262080266,2.5,24992,31.25,1,57
25101,MZ,66,23.225,1.625,1.55,4.25,2.65,3.25,24.475,0.057219239,-0.169645059,5,25101,23.225,1,66
25102,MZ,66,26.9,-0.125,1.4,2.65,1.6,3.05,21.9,-0.017058863,-0.139011118,0,25102,26.9,1,66
25361,DZ,57,28.3,6.075,1.15,3.15,3.6,4.05,23.5,-0.014547821,0.504943786,7.5,25361,28.3,2,114
25362,DZ,57,30.575,2.425,1.1,2,2.6,3.8,20.275,0.16674846,0.186768334,0,25362,30.575,2,114
25751,DZ,60,25.575,7.775,1.5,3.5,4.4,4.35,22.625,0.335325731,0.489017297,2.5,25751,25.575,2,120
25752,DZ,60,23.475,10.4,1.4,1.7,2,4.1,21.475,0.516485991,0.661079743,7.5,25752,23.475,2,120
26331,MZ,53,46.65,9.95,1.75,3.7,2.8,4.45,16.65,0.477306515,0.694304903,0,26331,46.65,2,106
26332,MZ,53,31.175,-0.725,1.35,2.9,4.4,5.3,25.425,0.09646049,0.393016246,2.5,26332,31.175,2,106
30211,MZ,57,21.8,-0.325,1.55,2.55,2.35,4.95,30.1,0.454373685,0.198476663,2.5,30211,21.8,1,57
30212,MZ,57,42.725,17.675,1.45,3.65,4.4,2.85,20.275,0.489672272,0.733601238,5,30212,42.725,1,57
30791,MZ,68,29.725,0.975,1.5,3.25,4.35,1.85,20.425,0.140196581,0.024146806,0,30791,29.725,1,68
30792,MZ,68,26.8,4.775,1.6,3.1,3.1,3.55,19.55,0.06541958,0.23135533,2.5,30792,26.8,1,68
30921,DZ,58,19.375,7.4,1.45,2.6,4.05,3.85,23.575,0.130146238,0.715824415,2.5,30921,19.375,1,58
30922,DZ,58,37.15,7.9,2,4.05,3.6,3.7,24.5,0.218517909,0.47197226,0,30922,37.15,1,58
33191,DZ,58,48.775,5.025,1.85,3.4,3.7,4.7,22.925,0.015881595,0.137211961,2.5,33191,48.775,1,58
33192,DZ,58,37.325,14.925,1.35,1.95,3.9,3.25,17.425,0.730313457,0.909703572,12.5,33192,37.325,1,58
33431,DZ,58,24.4,8.25,1.6,2.9,5.2,4.4,19.9,-0.117109003,0.313721299,2.5,33431,24.4,1,58
33432,DZ,58,37.225,9.15,1.2,2.15,1.95,4.6,20.375,0.349113558,0.284416609,15,33432,37.225,1,58
33841,DZ,49,33.225,6.8,1.3,3.25,3.6,3.1,20.975,0.280148014,0.287189916,5,33841,33.225,1,49
33842,DZ,49,24.45,6.1,1.15,2.95,3.7,4.85,25.6,0.021070006,0.033515669,10,33842,24.45,1,49
34271,MZ,53,30.625,9.95,1.3,3.6,2.65,3.3,14.775,0.643607344,0.702844413,0,34271,30.625,1,53
34272,MZ,53,30.8,1.425,1.95,3.75,4,4.35,19.85,0.295589718,0.050297079,0,34272,30.8,1,53
50661,MZ,66,36.6,2.325,2.6,2.7,3,2.55,28.95,0.02127974,0.705008843,0,50661,36.6,1,66
50662,MZ,66,31.75,0.525,1.85,2.4,3.05,3.6,22,0.227811075,-0.058962564,5,50662,31.75,1,66
51091,DZ,67,38.475,11.275,1.3,1.15,3.3,5.75,15.525,0.711419941,0.645617546,5,51091,38.475,1,67
51092,DZ,67,29.775,4.675,1.5,1.8,4.5,4.45,24.325,-0.108033066,0.220442991,7.5,51092,29.775,1,67
52101,DZ,64,27.625,8.15,1.35,3.5,4.5,1.4,27.125,-0.177793901,0.286090332,2.5,52101,27.625,1,64
52102,DZ,64,18.1,5.8,1.45,2.6,1.9,2.3,31.55,-0.035700753,0.784039216,5,52102,18.1,1,64
52591,DZ,64,10.75,6.225,1.6,3.75,3.5,3.5,31.75,-0.068141105,0.876893333,2.5,52591,10.75,1,64
52592,DZ,64,19.625,3.675,1.6,2.25,2.25,1.95,27.575,-0.326484077,0.770317395,0,52592,19.625,1,64
52701,MZ,64,33.575,5.8,1.8,3.2,3.3,3.4,18.075,0.314396781,0.574894488,2.5,52701,33.575,1,64
52702,MZ,64,22.175,0.55,1.55,3.9,2.1,2.7,27.225,0.06175902,0.363359075,7.5,52702,22.175,1,64
52721,DZ,57,26.175,10.95,1.3,3.05,3.4,3.35,20.825,0.337372282,0.500554064,7.5,52721,26.175,1,57
52722,DZ,57,37.15,4.8,1.55,3.3,3.5,3.45,19.6,0.292287925,0.596276104,7.5,52722,37.15,1,57
52731,DZ,62,34.75,10.175,1.65,3.2,5.15,5.05,11.7,0.516007723,0.619765744,5,52731,34.75,1,62
52732,DZ,62,25.15,10.85,1.9,2.05,1.95,2.4,25.3,0.278228587,0.802374839,2.5,52732,25.15,1,62
53081,DZ,59,28.75,-0.575,1.35,1.2,2.5,3.8,19.2,0.253036903,-0.19190872,2.5,53081,28.75,1,59
53082,DZ,59,22.225,3.65,1.25,2.65,3.5,3.85,22.825,0.103782552,0.216705343,0,53082,22.225,1,59
53101,MZ,62,28.2,1.325,1.45,3.15,4.05,3.1,20.35,-0.279000318,-0.278790638,0,53101,28.2,1,62
53102,MZ,62,32.925,3.625,1.3,4.4,5.3,3.05,22.375,0.147180684,0.430650144,0,53102,32.925,1,62
53551,DZ,61,34.9,10.225,1.45,3.7,4.15,3.3,15.3,0.218502427,-0.318259559,0,53551,34.9,1,61
53552,DZ,61,37.425,0.2,1.5,3.75,2.25,4.65,12.375,0.276686941,0.763072906,0,53552,37.425,1,61
53561,DZ,65,37.45,16.225,1.55,2.25,4.6,4.2,17.3,0.327843974,0.720582761,5,53561,37.45,1,65
53562,DZ,65,36.175,0.025,1.6,1.8,2.45,2.45,16.125,0.024726866,-0.148638618,7.5,53562,36.175,1,65
53751,DZ,64,34.025,26.825,1.75,3.05,3.7,4.75,27.325,0.749385957,0.765347461,10,53751,34.025,1,64
53752,DZ,64,39.425,21.45,1.65,2.8,5.6,5.7,22.375,0.809468323,0.621219595,2.5,53752,39.425,1,64
53791,DZ,44,33.375,-0.275,1.55,2.15,1.9,2.25,14.425,0.235128153,0.333760087,0,53791,33.375,1,44
53792,DZ,44,31.3,5.55,1.3,4.3,3.45,5.15,24.3,0.051073359,-0.325488682,0,53792,31.3,1,44
53981,MZ,60,36.075,6.6,1.35,2.35,2.7,3.8,12.475,0.532796136,0.779174361,5,53981,36.075,1,60
53982,MZ,60,36.525,11.8,1.5,2.3,2.1,5.5,15.675,0.764636508,0.842800671,5,53982,36.525,1,60
54661,DZ,68,55.525,6.175,1.55,2.75,4,2.25,19.725,0.037957471,0.622087989,0,54661,55.525,1,68
54662,DZ,68,26.225,1.1,1.6,1.5,2.05,4.75,22.375,0.028518357,0.474892931,0,54662,26.225,1,68
54691,DZ,58,37.675,17.7,1.4,3.4,5.75,4.1,22.175,0.229806106,0.59819827,7.5,54691,37.675,1,58
54692,DZ,58,42.175,15.05,1.2,2.8,3.25,5.05,17.075,0.738970847,0.77170594,2.5,54692,42.175,1,58
54811,MZ,63,38.5,6.65,2.15,4.7,5.35,5.85,22.55,0.251710608,0.379502001,5,54811,38.5,1,63
54812,MZ,63,46.3,16.375,2,3.35,4.5,3.9,20.1,0.607795905,0.738848679,2.5,54812,46.3,1,63
54881,DZ,59,29.8,1.8,1.8,5.25,4.05,5.6,18.85,-0.039406497,-0.133019761,0,54881,29.8,1,59
54882,DZ,59,35.025,1.4,1.35,3.55,2.4,5.65,14.775,0.031168337,0.742419957,5,54882,35.025,1,59
55231,DZ,59,33.125,7.225,1.7,2.8,3.6,4.85,25.775,0.028789614,0.405824074,0,55231,33.125,1,59
55232,DZ,59,29.35,5.125,1.4,3.65,4.75,3.85,22.55,-0.075302967,0.05760997,2.5,55232,29.35,1,59
55411,DZ,65,32.65,12.875,1.3,3.3,3.9,4.5,15.15,0.758777033,0.864412752,5,55411,32.65,2,130
55412,DZ,65,32.5,-5.25,1.6,1.95,2.55,4.45,13.1,-0.002149368,0.181787326,0,55412,32.5,2,130
55911,DZ,66,41.475,2.075,2.3,2.55,3.75,2.05,21.875,0.359135681,0.427031083,0,55911,41.475,1,66
55912,DZ,66,38.7,18.825,1.2,2.15,4.75,1.25,20.95,0.731744773,0.657744459,2.5,55912,38.7,1,66
57511,MZ,48,25.925,4.85,1.65,3,5.6,3.7,26.425,-0.244464319,-0.018621654,7.5,57511,25.925,1,48
57512,MZ,48,30.225,7.675,1.4,2.75,4.3,3.8,20.575,0.162278595,0.087776467,10,57512,30.225,1,48
57841,MZ,69,31.125,3.425,1.95,3.05,3.35,3.2,18.475,0.274247125,0.499721121,0,57841,31.125,1,69
57842,MZ,69,19.075,1.85,1.6,2.4,2.4,4.85,26.625,-0.017757785,0.303149941,2.5,57842,19.075,1,69
57851,MZ,49,37.75,11.95,1.95,3.2,3.4,2.95,14.25,0.852617746,0.834695704,10,57851,37.75,2,98
57852,MZ,49,37.975,5.675,2.15,2.8,3.35,3.95,17.375,0.238645368,-0.019586788,5,57852,37.975,2,98
58301,DZ,54,39.175,3.225,2.45,3.85,3.45,4.2,23.825,0.004290132,0.089554961,5,58301,39.175,1,54
58302,DZ,54,39.825,9.45,3,4.2,4.25,3.3,18.125,0.738389965,0.519010849,7.5,58302,39.825,1,54
58701,DZ,74,11.725,-0.9,1.85,4.05,3.9,2.2,29.975,0.162280932,0.505911718,0,58701,11.725,2,148
58702,DZ,74,13.375,-0.5,1.2,1.3,1.9,5.45,27.475,0.082640947,0.687364539,0,58702,13.375,2,148
58801,DZ,63,22.5,3.75,1.4,4,5.45,4.45,22.8,0.276788128,0.272151838,5,58801,22.5,2,126
58802,DZ,63,38.1,16.6,1.4,4.65,5.45,4.7,19.35,0.605434961,0.599909938,2.5,58802,38.1,2,126
59111,DZ,61,37.075,3.375,2.25,3.2,3.15,5.35,28.975,0.087573513,0.579316738,0,59111,37.075,1,61
59112,DZ,61,21.6,-0.4,1.7,5,4.6,3.85,27.55,0.146363536,0.938089314,0,59112,21.6,1,61
59351,DZ,41,36.875,14.5,1.85,1.75,2.3,2.75,21.975,-0.089053556,0.109683145,12.5,59351,36.875,2,82
59352,DZ,41,41.575,11.95,1.45,3.9,3.45,4.35,14.675,0.625218309,0.948781894,10,59352,41.575,2,82
59681,DZ,60,44.375,2.775,1.85,5.05,5.45,4.4,25.375,-0.277117158,-0.232976111,2.5,59681,44.375,1,60
59682,DZ,60,46.7,7.075,2.75,4.85,4.6,4.6,17.85,0.259205762,0.468902104,2.5,59682,46.7,1,60
59831,MZ,74,25.55,1.8,1.25,3,3.05,1.95,21.45,0.068239306,0.137095152,2.5,59831,25.55,1,74
59832,MZ,74,24.3,2.825,1.25,2.65,5.55,6,25.25,-0.085668842,0.273316475,0,59832,24.3,1,74
60521,MZ,78,12.45,-1.35,1.1,1.25,1.2,6,28.35,0.101439852,0.398835074,0,60521,12.45,1,78
60522,MZ,78,27.825,7.775,1.05,2.6,3.7,4.75,20.725,-0.003676837,0.200413846,0,60522,27.825,1,78
60911,MZ,66,44.6,16.75,2.15,4.35,4.5,4.3,19.15,0.133555737,0.888349946,0,60911,44.6,1,66
60912,MZ,66,35.15,9.675,2.3,4.65,3.1,4.65,19.2,0.275464739,0.56257112,2.5,60912,35.15,1,66
64011,MZ,33,42.7,6.925,1.8,5,6,6,23.1,0.056467791,-0.019765294,0,64011,42.7,1,33
64012,MZ,33,35.475,7.875,1.35,4.45,2.8,4.9,22.725,0.105533782,0.418609467,2.5,64012,35.475,1,33
64161,MZ,59,38.45,5.7,1.4,4.45,6,3.6,17.35,0.18114843,0.564970323,0,64161,38.45,1,59
64162,MZ,59,34.35,9.425,1.45,2.1,2.05,2.55,17.65,0.057913734,0.906641735,0,64162,34.35,1,59
64551,DZ,45,38.125,9.775,1.45,2.45,2.85,3.6,18.275,0.418493889,0.655084911,0,64551,38.125,1,45
64552,DZ,45,37.625,13.1,1.55,2.35,2.9,3.2,13.875,0.602887089,0.847470373,12.5,64552,37.625,1,45
65261,MZ,65,20.65,20.975,1.9,1.45,3.55,4.35,22.75,0.752046739,0.742434939,5,65261,20.65,1,65
65262,MZ,65,14.7,0.725,1.1,3,2.9,4.85,26.2,0.038239702,0.748526653,0,65262,14.7,1,65
65441,DZ,53,38.925,11.6,1.65,4.6,5.05,5.9,14.775,0.542886699,0.844794227,2.5,65441,38.925,1,53
65442,DZ,53,38.325,7,3.65,4.4,4.95,4.55,19.825,0.200774265,0.434391093,0,65442,38.325,1,53
67921,DZ,43,43.45,7.55,2.15,2.85,4.45,4.95,21.25,0.177428742,0.260701764,2.5,67921,43.45,1,43
67922,DZ,43,38.925,11.575,1.4,2.55,3.15,5.3,20.275,0.416762566,0.318153936,2.5,67922,38.925,1,43
67941,MZ,33,31.3,1.625,1.8,3.6,2.95,2.45,19.7,-0.059593403,0.281369476,5,67941,31.3,1,33
67942,MZ,33,39.425,0.925,2.2,3.55,3.75,4.55,11.225,0.21868258,0.278660539,7.5,67942,39.425,1,33
68111,MZ,49,26.925,4.475,1.6,3.35,3.6,4.3,22.375,-0.210292761,-0.36565596,5,68111,26.925,1,49
68112,MZ,49,28.6,3.725,1.4,1.75,2.7,4.35,16.2,-0.235276152,-0.157504113,7.5,68112,28.6,1,49
68131,MZ,57,37.675,5.175,1.2,2.9,2.5,4.6,17.925,-0.082321544,0.67468994,2.5,68131,37.675,1,57
68132,MZ,57,39.175,0.775,1.95,3,1.95,4.2,18.625,0.317672572,0.194253813,2.5,68132,39.175,1,57
68171,MZ,66,33.025,5.7,1.65,5.25,6,4.7,19.025,0.072413539,0.0813157,2.5,68171,33.025,1,66
68172,MZ,66,34.325,13.65,2.15,3.65,3,4.65,23.125,0.228788174,0.709665667,2.5,68172,34.325,1,66
68401,MZ,64,44.7,2.2,2.75,3.15,4.8,4.95,18.2,0.374409481,0.365912951,0,68401,44.7,1,64
68402,MZ,64,38.7,10.5,2.25,2.4,2.8,4.65,26.45,-0.058583436,0.803321142,2.5,68402,38.7,1,64
69031,MZ,49,27.675,3.425,1.6,6,3.4,2.85,22.075,-0.230841555,0.100754637,5,69031,27.675,1,49
69032,MZ,49,37.275,13.7,1.35,5.2,4.55,4.5,15.725,0.659965834,0.964334603,5,69032,37.275,1,49
70631,MZ,50,24.15,21.275,1.45,3.95,4,3.7,23.8,0.674769431,0.680639106,7.5,70631,24.15,1,50
70632,MZ,50,22.6,21.575,1.9,4.45,2.8,2.85,25.75,0.526573225,0.515407627,7.5,70632,22.6,1,50
71271,MZ,27,36.3,8.95,1.45,3.95,3.85,4.7,15.6,0.563310629,0.785347515,5,71271,36.3,1,27
71272,MZ,27,41.55,5.475,1.35,4.35,3.1,3.8,22.95,0.49652409,0.006938386,2.5,71272,41.55,1,27
71601,MZ,65,29.075,0.925,1.4,3.25,1.95,3.8,18.975,0.223069635,-0.093690583,2.5,71601,29.075,1,65
71602,MZ,65,29.075,0.95,1.55,3.25,2.45,4.9,15.425,0.186803294,0.046882933,2.5,71602,29.075,1,65
71671,MZ,59,29.25,5.575,1.6,3.25,3.4,3.9,18.15,0.278321305,0.528940574,5,71671,29.25,1,59
71672,MZ,59,22.6,7.625,1.4,1.9,2.85,3.05,29.6,-0.051840415,0.068918031,5,71672,22.6,1,59
72311,MZ,40,30.375,1.75,1.7,4.05,4.55,4.85,18.575,0.390821559,0.311216998,5,72311,30.375,1,40
72312,MZ,40,34.3,-1.275,1.85,3.2,4.95,4.6,15,0.061214573,-0.151132071,2.5,72312,34.3,1,40
72421,MZ,46,39.05,18.5,1.25,2.2,1.85,3.15,18.35,0.726844102,0.819606125,5,72421,39.05,1,46
72422,MZ,46,35.55,17.475,1.5,3.05,3.45,4.75,16.95,0.773263499,0.894882838,0,72422,35.55,1,46
73071,MZ,69,29.275,4.35,1.4,2.4,2.75,5.55,23.125,0.178920859,0.179744576,0,73071,29.275,2,138
73072,MZ,69,29.875,5.95,1.65,4.35,2.55,4.9,23.275,0.063645653,0.275342939,2.5,73072,29.875,2,138
73111,MZ,60,43.75,10.625,2.8,3.6,3.9,3.05,24.7,0.053537752,0.356267319,2.5,73111,43.75,2,120
73112,MZ,60,39.35,15.35,1.8,2.2,3.15,4.25,20.1,0.690217704,0.670754111,5,73112,39.35,2,120
73361,MZ,59,38.575,5.4,1.95,3.95,4.2,5.2,18.075,0.382712675,0.41565196,5,73361,38.575,1,59
73362,MZ,59,43.35,20.475,1.5,2.1,4.15,3.85,18.55,0.814724297,0.841453045,5,73362,43.35,1,59
73411,MZ,75,27.6,3.525,1.45,3.45,2.8,4.3,27.2,-0.254624906,0.687486099,0,73411,27.6,1,75
73412,MZ,75,14.2,-0.175,1.65,3.8,3.5,3.55,32.7,0.125039641,0.004921731,0,73412,14.2,1,75
73451,MZ,48,41.95,-0.325,1.55,3,4.5,4.95,19.7,0.132200155,0.079250214,5,73451,41.95,1,48
73452,MZ,48,34.975,2.725,1.85,3.2,2.4,3.4,19.675,0.131109921,0.26708628,5,73452,34.975,1,48
73511,MZ,52,33.75,7.375,1.5,2.3,2.75,4.25,15.3,0.696015265,0.671211076,5,73511,33.75,1,52
73512,MZ,52,40.25,15.6,1.65,4.05,4.1,3.75,13.8,0.690894071,0.927881791,5,73512,40.25,1,52
73581,MZ,72,17.2,7.425,1.6,2.2,2.15,5.1,27.25,0.095037597,0.699084782,7.5,73581,17.2,1,72
73582,MZ,72,17.9,-0.825,1.25,1.55,1.35,4.6,25.75,-0.259752023,0.611381458,2.5,73582,17.9,1,72
73651,DZ,51,35.9,2.775,1.2,1.6,3.75,3.5,26.2,0.312915565,0.77665966,0,73651,35.9,1,51
73652,DZ,51,41.225,6.075,1.05,2.45,2.65,3.1,16.675,0.185972698,0.413183746,2.5,73652,41.225,1,51
73701,MZ,56,43.075,16.375,2.9,3.9,4.6,4.3,25.325,0.474737155,0.77245568,12.5,73701,43.075,1,56
73702,MZ,56,37.15,10.95,1.55,3.55,3.8,4.6,15.05,0.711003458,0.907491713,5,73702,37.15,1,56
73851,MZ,29,35.525,7.275,1.8,4.1,4.4,5.05,16.125,0.364556296,0.642622341,2.5,73851,35.525,1,29
73852,MZ,29,39.3,5.925,1.8,3.4,3.9,3.65,18.75,0.439088641,0.147215554,5,73852,39.3,1,29
75171,MZ,53,27.2,4.55,1.5,3.5,3.5,3.15,24.75,0.37550074,0.483333106,0,75171,27.2,1,53
75172,MZ,53,32.775,7.775,2.15,3.95,2.35,3.5,19.275,0.223298934,0.331468827,5,75172,32.775,1,53
75521,DZ,35,40.15,10.35,1.85,2.35,3,4.05,13.75,0.556804982,0.879027006,5,75521,40.15,1,35
75522,DZ,35,46.65,9.2,1.75,4.2,4,3.9,13.2,0.59659473,0.797133912,0,75522,46.65,1,35
76151,MZ,24,22.725,-1.625,1.05,2.85,1.25,4.75,22.075,-0.039308722,0.233458116,5,76151,22.725,1,24
76152,MZ,24,21.775,1.95,1.25,1.95,1.85,6,32.425,0.16060526,-0.025272913,2.5,76152,21.775,1,24
76591,MZ,47,30.35,11.275,1.55,4.8,4.8,4,18.85,0.70313906,0.854423037,2.5,76591,30.35,1,47
76592,MZ,47,25.375,5.95,1.7,4.85,4.8,4.7,23.275,0.359150595,0.716984477,0,76592,25.375,1,47
76761,DZ,63,33.425,5.375,1.65,3.95,3.25,4.3,22.725,0.055426621,-0.128189695,2.5,76761,33.425,1,63
76762,DZ,63,27.725,18.05,1.65,3.35,3.05,4.45,28.075,0.205248773,0.322832925,2.5,76762,27.725,1,63
76961,MZ,49,39.625,-0.7,2.3,3.9,3.55,3.8,17.425,0.299548576,0.557393604,2.5,76961,39.625,1,49
76962,MZ,49,40.6,4.35,2.25,2.25,2.55,2.85,21.2,-0.136431928,-0.251934361,7.5,76962,40.6,1,49
77571,MZ,60,25.75,3.95,1.2,4.85,6,5.65,21.15,-0.048370681,0.451691939,0,77571,25.75,1,60
77572,MZ,60,35.675,12.35,1.25,5.25,4.5,5.6,22.425,0.441144559,0.608754522,2.5,77572,35.675,1,60
77661,DZ,64,26.175,2.625,1.5,2.8,2.95,3.65,23.025,0.284112741,0.125109468,7.5,77661,26.175,1,64
77662,DZ,64,37.6,17.7,1.95,3.35,3.15,4,15.3,0.711802928,0.726385424,12.5,77662,37.6,1,64
77681,MZ,65,30.775,2.425,1.1,1.3,3,4.8,17.175,0.147662832,-0.034267863,0,77681,30.775,1,65
77682,MZ,65,40.175,4.875,1.4,3.75,4.75,4.6,16.125,0.187285728,0.626158366,0,77682,40.175,1,65
77771,MZ,23,35.45,6.325,1.6,2.1,3.95,3.9,15.6,0.272123435,0.584350227,5,77771,35.45,1,23
77772,MZ,23,30.05,4.375,1.9,3.75,3.15,3.75,17.85,0.384895737,-0.060718215,7.5,77772,30.05,1,23
77871,DZ,55,37.375,-1.6,1.45,3.65,4.75,4.95,12.275,0.305509152,0.145670975,0,77871,37.375,1,55
77872,DZ,55,37.675,6.2,1.3,2,4.4,5.15,12.825,0.21961283,0.586689019,5,77872,37.675,1,55
78041,MZ,24,42.4,14.925,2.7,3.75,3.65,4.15,15.85,0.841089513,0.984022043,22.5,78041,42.4,1,24
78042,MZ,24,41.425,14.625,2.45,4.05,4.2,3.4,16.375,0.727198704,0.795918074,10,78042,41.425,1,24
78111,MZ,36,42.75,18.225,1.45,3.4,3.65,5.05,18.2,0.582521222,0.839863872,0,78111,42.75,1,36
78112,MZ,36,44.45,10.45,1.3,1.55,3.7,4.85,13.25,0.694060967,0.842312599,5,78112,44.45,1,36
78121,MZ,24,38.625,16.325,1.1,1.7,2.4,5.5,17.625,0.649491085,0.716317223,0,78121,38.625,1,24
78122,MZ,24,27.975,13.525,1,3.35,3.7,4.5,19.925,0.619170143,0.57516175,0,78122,27.975,1,24
78221,MZ,58,19.55,1.8,1.6,2.95,3.25,4.4,22.3,0.275085131,0.372248147,17.5,78221,19.55,1,58
78222,MZ,58,38.75,3.6,1.65,3.2,4,5.1,13,0.47628341,0.598856578,10,78222,38.75,1,58
78681,MZ,48,46.2,9.075,1.45,3.45,2.65,2.8,15.9,0.163378842,0.494362046,2.5,78681,46.2,1,48
78682,MZ,48,37.3,15.925,1.25,1.25,1.95,2,18.95,0.713895744,0.818283108,2.5,78682,37.3,1,48
78781,MZ,65,30.4,4.25,1.85,5.1,4.55,4.2,22.65,-0.026178007,-0.198314601,0,78781,30.4,1,65
78782,MZ,65,32.35,4.875,1.9,5.7,5,4.95,19.4,0.213602876,0.187729013,2.5,78782,32.35,1,65
78841,MZ,64,42.775,17.425,1.5,3.05,4.45,3.15,16.075,0.493170308,0.749351121,0,78841,42.775,1,64
78842,MZ,64,22.225,3.325,1.4,3.75,5,4.75,30.325,-0.018696287,0.275855001,5,78842,22.225,1,64
78871,MZ,25,28.9,9.525,1.4,1.7,2.35,4.55,24.5,-0.041075142,0.402572159,0,78871,28.9,1,25
78872,MZ,25,39.875,5.625,1.6,1.95,3.05,3.8,17.875,0.014079989,0.228063219,2.5,78872,39.875,1,25
78911,MZ,52,28.3,4.425,2,1.9,3.15,4.75,24.95,0.157297045,0.322257496,0,78911,28.3,1,52
78912,MZ,52,43.5,8.675,1.3,3.7,3.75,5.3,14.2,0.070028027,0.428400008,2.5,78912,43.5,1,52
78951,DZ,58,24.975,4.2,1.4,1.9,1.35,3.3,25.825,-0.081621675,0.454796924,7.5,78951,24.975,1,58
78952,DZ,58,23.6,-2.3,1.45,2.4,3.65,3.6,21.8,0.297313486,0.199479839,2.5,78952,23.6,1,58
78981,MZ,31,43.05,2.175,1.45,3.1,3.2,5.05,21.6,0.057481925,0.118074416,0,78981,43.05,1,31
78982,MZ,31,36.25,10.35,1.5,2.65,3.65,4.55,14.5,0.673271289,0.61037706,7.5,78982,36.25,1,31
79181,MZ,48,27.65,-1.825,1.95,3.55,4.55,4.85,20.5,0.030030385,0.509831227,5,79181,27.65,1,48
79182,MZ,48,15.225,4.35,1.35,5.55,1.45,5.2,27.925,-0.007169753,-0.237082003,0,79182,15.225,1,48
79251,MZ,46,33.9,2.175,1.3,3.65,2.2,3.15,24.55,0.356565229,0.677925285,0,79251,33.9,1,46
79252,MZ,46,15.325,-6.7,1.35,3,2.5,4.1,25.275,0.025036616,0.969167442,0,79252,15.325,1,46
79291,MZ,30,32.125,1.725,1.5,1.5,2.2,5.25,19.575,-0.086173631,0.400194717,0,79291,32.125,1,30
79292,MZ,30,24.425,0.175,1.15,2.65,2.55,3.9,21.075,-0.021309276,0.400818643,10,79292,24.425,1,30
79601,MZ,48,45.8,15.8,1.75,2.65,4.75,5.35,18,0.590213499,0.810040272,2.5,79601,45.8,2,96
79602,MZ,48,37.275,6.475,1.9,1.45,2.45,3.3,23.625,0.086042867,0.296717203,5,79602,37.275,2,96
79701,MZ,28,38.425,8.35,1.3,1.65,1.15,3.65,18.325,0.254238975,0.329070843,5,79701,38.425,1,28
79702,MZ,28,37.175,10.7,1.55,2.45,2.95,4.05,16.225,0.584543864,0.695519977,5,79702,37.175,1,28
79741,MZ,22,35.475,5.85,1.35,2.4,1.85,2.15,17.275,0.176285001,0.350830114,5,79741,35.475,1,22
79742,MZ,22,23.85,5,1.05,1.2,1,2.3,22.95,0.297461812,0.255049457,7.5,79742,23.85,1,22
79811,MZ,31,34.875,4.25,1.5,2.2,2.4,4.4,16.775,-0.01084896,-0.107212674,0,79811,34.875,1,31
79812,MZ,31,32.85,5.225,1.5,2.7,3.5,4.85,19.35,0.122224954,0.45988622,5,79812,32.85,1,31
79941,MZ,31,33.2,4,1.2,3.15,3.25,4.2,20.3,0.286733644,0.457363057,2.5,79941,33.2,1,31
79942,MZ,31,34.325,8.05,1.15,2.6,3.35,4.8,17.275,0.569687211,0.576208208,0,79942,34.325,1,31
80001,MZ,61,35.6,11.3,1.7,1.4,6,1.6,18.55,0.641122078,0.922262031,0,80001,35.6,1,61
80002,MZ,61,18.275,-0.675,1.75,1.95,5.25,3,26.625,0.153277073,0.612614205,0,80002,18.275,1,61
80821,MZ,61,37.05,8.45,1.15,1.75,1.75,1.5,13.25,0.312050159,0.847103841,0,80821,37.05,1,61
80822,MZ,61,40.025,7.525,1.9,3.4,2.8,2.2,17.575,0.270611299,0.914832033,0,80822,40.025,1,61
81101,MZ,24,31.475,10.95,1.15,2.85,3.2,4.9,23.275,0.206695387,0.403527549,10,81101,31.475,1,24
81102,MZ,24,39.525,10.225,1.6,2.7,3,4.4,19.675,0.376863739,0.471443799,5,81102,39.525,1,24
81161,MZ,65,26.025,7.025,1.45,3.7,4.5,4.35,20.575,0.297388776,0.749242662,2.5,81161,26.025,1,65
81162,MZ,65,31.325,5.1825,1.4,2.9,3.7,4.2,18.075,0.01455833,0.469633918,2.5,81162,31.325,1,65
81221,MZ,68,28.175,-0.7,1.6,3.3,3.45,3.95,21.525,0.262940005,0.033349722,2.5,81221,28.175,1,68
81222,MZ,68,35.325,6.35,1.15,2.9,1.9,4.75,20.775,-0.041967219,0.027919303,5,81222,35.325,1,68
81341,MZ,65,37.275,9.725,1.35,1.4,4.55,2.1,11.675,0.615932583,0.8555478,5,81341,37.275,1,65
81342,MZ,65,28.2,-2.525,1.2,1.95,2.85,5.2,19.05,0.122778739,0.096561271,2.5,81342,28.2,1,65
81451,DZ,62,32.525,6.35,1.55,3.5,3.3,3.7,24.725,0.307835845,0.550744145,0,81451,32.525,1,62
81452,DZ,62,40.425,15,1.35,1.4,1.7,4.05,23.125,0.369870042,0.442396746,0,81452,40.425,1,62
81841,MZ,62,30.075,7.925,1.75,3.65,4.45,4.25,21.425,0.047919115,0.149850539,0,81841,30.075,1,62
81842,MZ,62,43,16,1.3,2.5,3.4,3.9,26.35,0.075628432,0.666363744,0,81842,43,1,62
82191,MZ,33,36.825,3.575,1.3,2.25,3.5,4.1,20.525,0.258931953,0.036650926,7.5,82191,36.825,1,33
82192,MZ,33,31.25,6.45,2.25,3.2,4.35,5.1,21.3,0.229051522,0.855985292,7.5,82192,31.25,1,33
82301,MZ,63,34.325,1.825,1.15,1.75,2.95,3.95,15.075,0.106454322,0.578023259,2.5,82301,34.325,1,63
82302,MZ,63,26.4,2.275,1.6,2.35,3.25,4.75,17.9,-0.135945966,-0.008663228,0,82302,26.4,1,63
82361,MZ,62,26.75,5.175,1.35,2.4,1.8,1.95,23.6,0.136419387,0.060467362,0,82361,26.75,1,62
82362,MZ,62,13.45,-2.35,1.5,2.2,4.45,3.2,28,0.177896027,0.072904331,2.5,82362,13.45,1,62
82781,MZ,64,32.275,4.925,1.4,3,3.1,2.95,20.525,0.188672554,0.759898928,0,82781,32.275,1,64
82782,MZ,64,54.5,7.5,1.7,3.1,2.8,5,16.35,0.33976568,-0.036230302,0,82782,54.5,1,64
82861,MZ,62,33.725,10.25,1.85,4.65,4.9,4.1,24.225,0.094375635,0.542095255,5,82861,33.725,1,62
82862,MZ,62,23.925,-1.625,1.25,3.55,4.45,4.25,20.125,0.277441663,0.317877053,2.5,82862,23.925,1,62
82881,MZ,29,38.075,11.35,1.5,3.8,4.95,3.05,20.225,0.261186265,0.486495341,5,82881,38.075,1,29
82882,MZ,29,31.775,6.325,1.25,5.3,4.4,5.15,21.475,0.114252383,0.245932585,0,82882,31.775,1,29
83141,MZ,37,28.225,-1.225,1.75,2.95,3.15,5.8,16.925,0.096274508,0.471034933,0,83141,28.225,1,37
83142,MZ,37,40.625,10.875,1.3,2.25,2.3,4.1,20.025,0.342755906,0.62257165,0,83142,40.625,1,37
83381,MZ,29,36.5,4.775,1.45,4.3,4.15,4.8,15,0.353455878,0.553309609,10,83381,36.5,1,29
83382,MZ,29,31.1,6.825,1.45,3.75,3.5,4.5,20,0.07763008,0.330592811,5,83382,31.1,1,29
83441,MZ,30,32.6,9.15,1.55,1.85,3.1,4.85,20.85,0.293270407,0.337319335,5,83441,32.6,1,30
83442,MZ,30,38.15,13.125,1.4,5.15,4.05,4.6,16.35,0.266573488,0.294450073,0,83442,38.15,1,30
83531,MZ,24,26.05,2.675,1.4,1.95,1.65,3.8,18.1,0.148075364,0.089551703,5,83531,26.05,2,48
83532,MZ,24,20.3,2.3,1.15,1.65,2.7,3.3,22.75,0.026871866,0.005921353,0,83532,20.3,2,48
83721,MZ,20,44.4,10.8,1.05,2,3.05,4,21.35,0.447795694,0.360348396,2.5,83721,44.4,1,20
83722,MZ,20,38.775,9.475,1.3,2.15,2.35,3.4,19.025,0.392454304,0.734158402,0,83722,38.775,1,20
83801,MZ,67,32.15,2.225,1.4,3.8,5.7,3.8,15.6,0.165369333,0.452337059,10,83801,32.15,1,67
83802,MZ,67,31.125,3.25,2.7,3.7,4.9,3,27.375,-0.081491919,0.609769703,2.5,83802,31.125,1,67
84281,DZ,59,30.55,1.575,1.5,4.1,4.05,4.45,20.5,0.337781197,0.19931051,2.5,84281,30.55,2,118
84282,DZ,59,21.625,6.075,1.45,5.75,4.95,3.65,24.975,0.017369204,0.120154106,2.5,84282,21.625,2,118
84491,MZ,59,38.575,12.75,1.85,2.2,2.65,3.2,15.975,0.519059921,0.400843461,5,84491,38.575,2,118
84492,MZ,59,41.6,21.8,2.35,2.65,2.3,3.15,17.15,0.77745187,0.743207841,5,84492,41.6,2,118
84501,MZ,40,39.625,5.65,1.75,4.65,4.05,4.75,15.125,0.082869568,0.248169324,0,84501,39.625,1,40
84502,MZ,40,30.15,2.15,1.05,3,3.95,4.85,18.15,0.342676024,-0.175183857,5,84502,30.15,1,40
85091,MZ,49,27.7,4.475,1.35,2.4,3.1,4.4,20.45,0.068443558,0.412054974,0,85091,27.7,1,49
85092,MZ,49,33.9,3.425,1.65,3.6,2.5,4.45,23.65,0.001866138,0.225232715,0,85092,33.9,1,49
85721,MZ,60,21.775,5.525,1.45,3.2,3.3,4.4,27.725,0.096436441,0.38392069,2.5,85721,21.775,1,60
85722,MZ,60,25.525,8.075,1.6,1.7,1.6,2.3,24.525,0.158752334,0.258751241,0,85722,25.525,1,60
85731,MZ,21,45.7,14.8,1.25,3.45,4.2,3.45,18.7,0.452097002,0.596059948,2.5,85731,45.7,2,42
85732,MZ,21,40.45,11.075,1.35,4.4,3.65,3.9,16.9,0.426827134,0.520822369,7.5,85732,40.45,2,42
86211,MZ,24,38.175,4.925,1.6,5.25,3.95,5.4,13.425,0.415907059,0.510139164,2.5,86211,38.175,1,24
86212,MZ,24,39.425,9.7,1.7,3.35,2.85,4.7,12.975,0.668827332,0.870577901,7.5,86212,39.425,1,24
86291,MZ,18,41.925,7.6,1.6,3.6,4.55,4.3,15.825,0.145099145,0.185160306,5,86291,41.925,1,18
86292,MZ,18,41.55,6.125,1.4,2.25,2.35,4,18.65,0.130252501,0.163551873,5,86292,41.55,1,18
86381,MZ,58,34.3,14.325,2.35,2.2,6,2.45,24.5,0.09128543,0.098655677,2.5,86381,34.3,1,58
86382,MZ,58,40.025,2.475,1.55,6,6,5.4,22.625,0.352041167,-0.139338337,0,86382,40.025,1,58
86771,MZ,56,34.85,11.525,1.55,2.75,3.7,5.1,20.25,0.3995866,0.754849464,0,86771,34.85,NaN,NaN
86772,MZ,56,36.875,5.075,1.3,3.4,3.6,4.35,20.575,0.357367775,0.495879137,2.5,86772,36.875,NaN,NaN
90191,MZ,65,23.3,2.9,1.25,1.95,2.15,3.55,22.1,0.123182693,-0.083809324,5,90191,23.3,1,65
90192,MZ,65,27.725,5.025,1.55,1.85,2,4.55,26.425,0.210400287,0.166390177,7.5,90192,27.725,1,65
90361,MZ,66,39.1,3.9,1.75,3.5,3.8,4.05,17.95,-0.13385666,0.070762311,2.5,90361,39.1,1,66
90362,MZ,66,22.275,1.3,1.45,2.85,3.15,4,24.575,-0.201250726,-0.235840618,2.5,90362,22.275,1,66
90461,MZ,61,36.45,6.925,2.65,5.55,4.55,3.8,28.05,-0.148888803,-0.156286227,5,90461,36.45,1,61
90462,MZ,61,50.4,16.1,1.85,3.65,4.35,3.65,21.1,0.427919056,0.611434338,5,90462,50.4,1,61
90471,MZ,67,29.9,0.575,1.5,3,2.6,2.55,16.85,-0.049987227,0.190661435,5,90471,29.9,1,67
90472,MZ,67,31.425,19.375,1.25,4.1,3,3.7,23.625,0.576066822,0.665090288,0,90472,31.425,1,67
90671,MZ,65,27.025,5.2,1.8,2.25,3.7,5.15,19.025,0.364621851,-0.150607081,2.5,90671,27.025,1,65
90672,MZ,65,27.6,1.75,1.5,1.85,5.05,5.65,21.85,0.356026755,0.484401697,0,90672,27.6,1,65
91301,DZ,58,24.3,2.925,1.25,2.25,1.85,4.25,21,0.21550162,0.112618004,5,91301,24.3,1,58
91302,DZ,58,21.15,1.3,1.45,2.8,4.35,4.6,26.35,0.026029769,0.090264801,2.5,91302,21.15,1,58
91481,DZ,62,26.225,1.425,1.9,3.45,5.45,4.7,24.675,0.09870187,0.667661212,0,91481,26.225,1,62
91482,DZ,62,23.725,-0.7,2.05,3.25,3.15,4.15,23.625,0.062213402,0.746276157,0,91482,23.725,1,62
91491,MZ,44,27.375,9.55,1.15,1.55,1.7,3.75,21.975,0.30907079,0.576656894,10,91491,27.375,1,44
91492,MZ,44,35.375,13.5,1.15,2.65,3.7,4.9,14.675,0.238174997,0.385713384,0,91492,35.375,1,44
91511,MZ,58,35.375,3.25,1.55,3.2,3.35,5.5,22.075,0.305384787,0.647600839,5,91511,35.375,1,58
91512,MZ,58,40.525,3.175,2.1,2.8,4.15,4.65,24.525,0.183474914,0.351704515,7.5,91512,40.525,1,58
91611,MZ,58,39.5,24.55,1.4,3.65,3.4,4.5,22.95,0.734974467,0.751532359,2.5,91611,39.5,1,58
91612,MZ,58,32.6,5.475,1.25,1.8,4.8,4.7,16,0.19743577,0.700118164,5,91612,32.6,1,58
91821,DZ,53,30.45,6.625,2.75,4.9,5.8,5.2,26.05,0.087663357,0.0111186,5,91821,30.45,1,53
91822,DZ,53,35.475,24.35,1.7,3.5,3.4,5.15,19.475,0.573960176,0.571612605,5,91822,35.475,1,53
91831,DZ,55,49.375,7.225,2.1,2.7,2.45,2.85,23.225,0.449009804,0.181709482,0,91831,49.375,1,55
91832,DZ,55,31.775,4.95,1.7,2.65,2.35,2.85,20.875,0.134202497,0.787169427,0,91832,31.775,1,55
91911,MZ,59,40.8,6.45,1.55,3.1,5,4.15,21.75,-0.013181252,0.356420595,0,91911,40.8,1,59
91912,MZ,59,34.05,2.05,1.65,3.9,3.5,2.55,20.05,0.158356792,0.461758566,2.5,91912,34.05,1,59
92011,DZ,66,20.225,3.8,1.9,2.45,2.65,3.65,29.025,0.217522367,0.117406469,7.5,92011,20.225,1,66
92012,DZ,66,25.275,2.9,1.2,1.8,1.9,2.75,24.525,-0.080966048,0.260327059,5,92012,25.275,1,66
92071,DZ,65,27.7,3.125,2.05,3.55,5.25,5.4,23.8,0.172379168,0.182798129,2.5,92071,27.7,1,65
92072,DZ,65,11.425,-1.775,1.2,4.85,2.65,5.5,29.025,-0.004626277,0.576595069,2.5,92072,11.425,1,65
92261,DZ,62,43.625,12.575,1.2,1.85,1.75,1.4,21.125,0.317262584,0.689460225,2.5,92261,43.625,1,62
92262,DZ,62,35.6,8.2,1.85,2.85,2.85,3.15,14.25,0.52958397,0.71856581,2.5,92262,35.6,1,62
92301,DZ,62,21.075,1,1.85,2.45,2.05,5,27.125,-0.362368201,0.341049003,0,92301,21.075,1,62
92302,DZ,62,33.4,0.125,1.65,1.65,1.7,3.4,26.2,0.156005225,-0.088885094,7.5,92302,33.4,1,62
92311,DZ,55,20.325,0.725,1.7,2.05,1.8,3.75,23.225,0.126173493,0.009491542,7.5,92311,20.325,1,55
92312,DZ,55,36.35,4.65,1.25,2.2,2.4,4.45,16,-0.046863063,0.860406912,2.5,92312,36.35,1,55
92821,MZ,67,43.85,23.25,1.15,3.5,2.2,3.85,21.5,0.708603169,0.574817228,5,92821,43.85,1,67
92822,MZ,67,24.9,2.35,1.3,4.4,2,4.45,25.15,0.238600409,0.460393044,0,92822,24.9,1,67
94161,DZ,35,43.175,11.95,1.6,2.35,4.9,5.25,23.925,0.005277618,0.2598133,2.5,94161,43.175,1,35
94162,DZ,35,26.875,0.3,1.75,1.95,2.1,5.6,21.875,0.25793354,0.45323704,0,94162,26.875,1,35
94241,DZ,63,25.85,-0.425,1.45,3.3,2.7,4.3,22.05,0.117940285,-0.094214133,2.5,94241,25.85,1,63
94242,DZ,63,33.75,10.45,1.9,2.15,4.15,4.95,24.1,0.132681934,0.021900064,2.5,94242,33.75,1,63
94271,MZ,48,46.075,13.5,2.05,1.9,2.1,5.5,19.875,0.296564463,0.446359648,5,94271,46.075,1,48
94272,MZ,48,40.85,7.8,1.35,1.55,1,5,18.25,0.389932518,0.686241386,0,94272,40.85,1,48
94511,MZ,53,19.675,3.525,1.7,4.3,4.45,2.35,30.225,-0.064660581,0.821022106,0,94511,19.675,1,53
94512,MZ,53,12.625,0.075,1.4,1.45,1.65,1.25,33.475,0.298195787,0.981978371,0,94512,12.625,1,53
94571,DZ,56,35.7,22.025,1.45,3.35,4.05,4.5,20.2,0.811128619,0.908692821,7.5,94571,35.7,1,56
94572,DZ,56,29.85,3.95,1.55,3.45,3.35,5.1,16.7,0.111730286,0.125827015,5,94572,29.85,1,56
94651,DZ,62,37.1,6.45,1.25,4.4,4.45,4.95,15.85,0.127489657,0.373520142,2.5,94651,37.1,1,62
94652,DZ,62,24.825,1.875,1.35,2.75,3.25,3.8,22.625,0.131134453,0.297794373,2.5,94652,24.825,1,62
95261,DZ,51,19.95,4.275,1.15,1.95,2.3,4.6,24.15,-0.084528923,0.178582068,5,95261,19.95,1,51
95262,DZ,51,23.9,-6.375,1.65,4.7,5.3,5.1,21.75,0.187924538,-0.06263589,5,95262,23.9,1,51
95551,MZ,43,26.075,11.075,1.5,4.8,4.85,4.15,22.125,0.477980591,0.375269022,2.5,95551,26.075,1,43
95552,MZ,43,32.625,12.375,2.05,3.65,4.3,4.7,19.425,0.522562031,-0.110065474,2.5,95552,32.625,1,43
95961,MZ,51,34.95,17.725,1.3,4.3,5.2,3.15,21.35,0.480658102,0.751520383,10,95961,34.95,1,51
95962,MZ,51,18.85,2.175,1.75,2.4,2.05,4.5,24.85,0.16190091,0.061836982,0,95962,18.85,1,51
96021,MZ,59,38.95,7.925,2,4.05,4.1,3.85,17,0.341915674,0.232060973,2.5,96021,38.95,1,59
96022,MZ,59,41.6,10.9,1.8,4.35,4.9,3.85,14.05,0.343187226,0.518964894,5,96022,41.6,1,59
96511,MZ,53,32.075,1.3,1.85,3.2,3.65,6,22.175,0.330356834,-0.071856614,7.5,96511,32.075,1,53
96512,MZ,53,30.675,7.825,1.8,2.25,2.95,1,26.325,-0.040886578,0.278457142,5,96512,30.675,1,53
96851,MZ,49,24.9,1.325,1.6,3.8,3.95,5.35,24.1,-0.021241222,-0.507057365,7.5,96851,24.9,1,49
96852,MZ,49,34.25,5.65,1.4,2.7,3.4,3.75,20.85,0.198623258,0.628675251,5,96852,34.25,1,49
96921,MZ,40,38.675,3.275,1.3,2.55,2.9,4.3,16.275,0.222552058,0.602874544,5,96921,38.675,1,40
96922,MZ,40,32.275,4.7,1.35,2.6,2.6,4.2,18.225,0.231195263,0.456677734,2.5,96922,32.275,1,40
96981,MZ,59,34.8,19.725,1.2,3,4.65,2.45,27.8,0.601220091,0.571551577,0,96981,34.8,1,59
96982,MZ,59,41.3,0.025,1.75,2.85,3.1,3.5,19.65,0.12572287,0.121787219,2.5,96982,41.3,1,59
97001,MZ,51,34.95,15.15,1.4,1.6,6,4.55,23,-0.032649279,0.813679114,0,97001,34.95,1,51
97002,MZ,51,39.25,8.6,1.65,2.25,5.95,4.7,20.9,0.258892683,0.320597218,2.5,97002,39.25,1,51
98291,DZ,74,23.5,3.875,1.35,1.2,1.4,5.6,26.15,0.030038076,0.83362444,0,98291,23.5,1,74
98292,DZ,74,36.025,5.8,1.45,2.55,2.75,3.45,14.975,0.133189312,0.652720705,2.5,98292,36.025,1,74
98621,DZ,57,19.45,0.675,1.25,3.2,1.25,1,28.1,0.225227638,0.315179326,2.5,98621,19.45,1,57
98622,DZ,57,39.325,11.275,1.6,2.85,2,5.5,18.325,0.318148221,0.242575694,5,98622,39.325,1,57
99301,DZ,73,37.8,11.15,1.5,3.2,3,1.7,18.8,0.472422574,0.270592636,7.5,99301,37.8,1,73
99302,DZ,73,34.425,1.175,1.85,3.2,5.55,4.3,21.875,0.140113034,0.331364811,10,99302,34.425,1,73
99441,DZ,56,37.45,13.525,1.7,2.5,3.35,4.95,25.2,0.32784303,0.095006127,2.5,99441,37.45,1,56
99442,DZ,56,21.2,4.8,1.2,2.85,3.25,3.95,27.8,-0.037609153,-0.135905658,2.5,99442,21.2,1,56
100001,MZ,29,30.025,1.075,1.1,2.6,2.9,3.1,18.575,0.275020216,0.484060786,2.5,100001,30.025,1,29
100002,MZ,29,50.975,7.75,1.65,3.55,3.95,2.8,19.725,0.44951658,0.544492819,0,100002,50.975,1,29
100011,MZ,24,41.075,16.3,1.7,2.9,3.7,4.35,17.775,0.753751448,0.860634188,10,100011,41.075,1,24
100012,MZ,24,45.875,11.775,1.65,1.7,3.45,3.4,19.125,0.51998382,0.301719226,12.5,100012,45.875,1,24
100021,MZ,31,38.1,4.4,1.6,4.35,4.15,4.2,18.9,0.057105162,0.034523692,10,100021,38.1,1,31
100022,MZ,31,32.225,2.225,1.85,2.7,4.7,4,16.075,0.091928773,0.061818842,10,100022,32.225,1,31
100031,MZ,34,28.05,1.45,1.6,3.8,4.05,2.75,23.7,0.008422486,-0.089179516,7.5,100031,28.05,1,34
100032,MZ,34,32.725,4.9,1.25,4.65,3.1,3.95,25.725,0.264383473,0.5029583,2.5,100032,32.725,1,34
100041,MZ,21,37.125,3.15,2.05,4.5,4.35,5.05,15.125,0.457460094,0.006211913,5,100041,37.125,2,42
100042,MZ,21,35.775,0.975,1.8,2.65,3.35,2.95,22.025,0.167302895,0.473107248,2.5,100042,35.775,2,42
100051,MZ,23,40.375,5.375,1.2,1.55,1.15,1.6,17.225,0.040732709,0.868996441,0,100051,40.375,1,23
100052,MZ,23,39.625,7.925,1.2,1.55,1.3,1,17.875,0.396459308,0.766349779,0,100052,39.625,1,23
100061,MZ,22,38.275,8.375,2.05,3.25,4.35,4.3,22.175,0.320092753,0.375767908,7.5,100061,38.275,1,22
100062,MZ,22,40.55,11,2,3.85,4.25,4.7,25.9,0.09578857,-0.08848039,0,100062,40.55,1,22
100071,DZ,29,37.325,12.4,1.65,2.4,2.2,4.45,19.625,-0.126855338,0.151641451,2.5,100071,37.325,1,29
100072,DZ,29,38.5,8.5,2.4,2.75,2.55,5.25,23.85,0.058757907,-0.009636232,2.5,100072,38.5,1,29
100091,MZ,23,43.475,7.9,1.7,3.2,3.7,4.1,12.625,0.376713659,0.746119772,2.5,100091,43.475,2,46
100092,MZ,23,35.075,3.65,1.35,3.45,4.4,3.1,16.875,0.407461493,0.471503678,7.5,100092,35.075,2,46
1000101,DZ,29,37.775,22.125,1.4,2.6,5.45,4.8,22.975,0.68878298,0.640903687,5,1000101,37.775,1,29
1000102,DZ,29,34.525,10.625,1.25,2.45,2.9,4.3,21.725,0.474730286,0.355829594,5,1000102,34.525,1,29
1000111,MZ,45,26.2,0.7,1.25,2.45,3.3,4.05,21.65,-0.037330815,-0.18700775,5,1000111,26.2,1,45
1000112,MZ,45,36.25,3.275,1.8,4.5,3.9,4.85,17.05,0.312960604,0.55062323,5,1000112,36.25,1,45
1000121,MZ,22,38.175,13.325,2.75,4.5,4.6,4.1,22.525,0.445513126,0.503126249,10,1000121,38.175,1,22
1000122,MZ,22,41.375,5.15,1.9,3.7,3.75,4.85,13.925,0.367059944,0.458094021,7.5,1000122,41.375,1,22
1000131,DZ,24,38.125,1.875,1.85,3.3,3.4,4.4,18.175,0.408466174,-0.074819547,0,1000131,38.125,1,24
1000132,DZ,24,34.45,3.95,1.35,4.75,4.9,4.85,19,0.600501265,0.052114687,0,1000132,34.45,1,24
1000141,MZ,24,41.6,16.1,1.4,4.4,4.05,5.1,16.7,0.686639068,0.473247087,5,1000141,41.6,2,48
1000142,MZ,24,38.125,14.425,1.3,4.3,4.2,4.7,15.725,0.756198645,0.704535745,2.5,1000142,38.125,2,48
1000151,DZ,42,39.35,2.275,2,3.7,3.95,3.95,22.25,0.060406582,0.288585064,2.5,1000151,39.35,1,42
1000152,DZ,42,27.475,1.475,1.6,3.05,4.2,4.95,16.925,-0.010554397,0.306946905,0,1000152,27.475,1,42
1000161,MZ,23,24.95,5.475,1.25,2.75,4.05,4.7,21.4,0.529014022,0.483140389,5,1000161,24.95,1,23
1000162,MZ,23,33.525,2,1.15,3.05,3.6,4.6,18.025,0.049632006,0.345643318,0,1000162,33.525,1,23
1000171,MZ,23,35.825,16.25,1.7,3,3.6,4.4,16.975,0.782784763,0.868162296,10,1000171,35.825,1,23
1000172,MZ,23,38.375,12.975,1.45,3.65,4.65,4,16.675,0.447828246,0.765126506,7.5,1000172,38.375,1,23
1000181,DZ,28,38.55,7.9,1.5,2.95,3.45,2.95,16.45,0.361363105,0.221756393,2.5,1000181,38.55,1,28
1000182,DZ,28,39.125,10.125,1.85,4.3,3.5,4.2,23.325,0.213216383,0.016873196,5,1000182,39.125,1,28
1000191,DZ,24,5.475,42.275,1.35,3.15,4.05,3.65,34.525,0.053151765,-0.001499958,2.5,1000191,5.475,2,48
1000192,DZ,24,43.575,8.675,1.5,4.15,3.8,4.1,19.975,0.746893642,0.54524916,10,1000192,43.575,2,48
1000201,MZ,37,42.5,5.15,1.55,3.75,5.1,3.35,21.65,0.29255691,0.537704957,2.5,1000201,42.5,1,37
1000202,MZ,37,38.725,1.775,1.5,4.35,4.95,4.3,13.875,0.039056706,0.147395161,2.5,1000202,38.725,1,37
1000211,DZ,28,33.5,7.125,1.4,3.65,3.6,4.35,15.3,0.69724067,0.779529867,5,1000211,33.5,2,56
1000212,DZ,28,35.125,9.075,1.15,3.5,4.2,3.85,22.725,0.101597185,0.231998289,5,1000212,35.125,2,56
1000221,DZ,26,35.45,6.8,1.5,3.6,3.9,3.6,18.75,0.331797842,0.417639132,0,1000221,35.45,1,26
1000222,DZ,26,44.25,17.85,2.1,4.5,4.45,4.25,21.7,0.507813235,0.803405144,5,1000222,44.25,1,26
